title,link,image,lprice,hprice,mallName,productId,productType,brand,maker,category1,category2,category3,category4
레이벤 <b>선글라스</b> 대디오 RB2016 <b>뿔테</b> 남자 여자 자외선차단,https://smartstore.naver.com/main/products/12133187201,https://shopping-phinf.pstatic.net/main_8967769/89677697906.jpg,150480,,라피던트,89677697906,2,레이밴,룩소티카,패션잡화,선글라스/안경테,선글라스,
젠틀몬스터 <b>선글라스</b> 뉴허 NEW HER <b>뿔테</b> 사각 플랫바 남자 여자 오버사이즈<b>선글라스</b>,https://smartstore.naver.com/main/products/2629469347,https://shopping-phinf.pstatic.net/main_8012721/80127212923.6.jpg,289000,,오마이선글라스 코리아,80127212923,2,젠틀몬스터,젠틀몬스터,패션잡화,선글라스/안경테,선글라스,
구찌 <b>선글라스</b> 여자 남자 20종 명품 <b>선글라스</b> <b>뿔테</b> 메탈 보잉,https://smartstore.naver.com/main/products/5028166126,https://shopping-phinf.pstatic.net/main_8257268/82572686975.41.jpg,242000,,스타안경,82572686975,2,구찌,구찌,패션잡화,선글라스/안경테,선글라스,
레이벤 <b>선글라스</b> RB4259F RB4258F 가벼운 <b>뿔테</b> 남자 여자 자외선차단 아시안핏,https://smartstore.naver.com/main/products/6123642975,https://shopping-phinf.pstatic.net/main_8366814/83668142463.3.jpg,181640,,아이템 선글라스,83668142463,2,레이밴,룩소티카,패션잡화,선글라스/안경테,선글라스,
젠틀몬스터 <b>선글라스</b> 릴리트 01 BR 사각 가벼운 <b>뿔테</b> 남자 여자 커플 틴트<b>선글라스</b>,https://smartstore.naver.com/main/products/592624735,https://shopping-phinf.pstatic.net/main_1079047/10790470475.16.jpg,269000,,핫선글라스,10790470475,2,젠틀몬스터,젠틀몬스터,패션잡화,선글라스/안경테,선글라스,
톰포드 구찌 페라가모 외 명품 <b>선글라스</b> 아시안핏 오버핏 <b>뿔테</b> 편광 변색 남성 여성 <b>선글라스</b>,https://smartstore.naver.com/main/products/5609398917,https://shopping-phinf.pstatic.net/main_8315389/83153895418.11.jpg,14900,,LOOKPLUS,83153895418,2,,,패션잡화,선글라스/안경테,선글라스,
[N도착보장]치미 코드 CODE BLACK 블랙 여성 패션 긱시크 씬스퀘어 <b>뿔테 선글라스</b>,https://smartstore.naver.com/main/products/11733711712,https://shopping-phinf.pstatic.net/main_8927822/89278222211.5.jpg,298000,,토탈선글라스,89278222211,2,치미,,패션잡화,선글라스/안경테,선글라스,
젠틀몬스터 레이디랭 LADY LANG 사각 <b>뿔테</b> 플랫바 남자 여자 오버사이즈 틴트<b>선글라스</b>,https://smartstore.naver.com/main/products/640504331,https://shopping-phinf.pstatic.net/main_1096204/10962045088.20.jpg,289000,,핫선글라스,10962045088,2,젠틀몬스터,젠틀몬스터,패션잡화,선글라스/안경테,선글라스,
오버사이즈 가벼운 블랙 브라운 블루 틴트 <b>선글라스</b> 빅프레임 파인더 <b>뿔테</b> 자외선차단,https://smartstore.naver.com/main/products/9906358103,https://shopping-phinf.pstatic.net/main_8745086/87450860376.8.jpg,16900,,2DITOR 투디터,87450860376,2,투디터,,패션잡화,선글라스/안경테,선글라스,
오클리 <b>선글라스</b> 아이자켓 리덕스 러닝 편광 고프코어 OO9438 블랙 실버,https://smartstore.naver.com/main/products/8813996752,https://shopping-phinf.pstatic.net/main_8635849/86358497075.9.jpg,208800,,아이피아 안경원,86358497075,2,오클리,룩소티카,패션잡화,선글라스/안경테,선글라스,
구찌 <b>선글라스</b> 여자 남자 아시안핏 명품 <b>선글라스</b>,https://smartstore.naver.com/main/products/12205538583,https://shopping-phinf.pstatic.net/main_8975004/89750049288.jpg,230000,,명품편집샵 원츠샵,89750049288,2,구찌,구찌,패션잡화,선글라스/안경테,선글라스,
레이밴 대디오 RB2016 601,https://search.shopping.naver.com/catalog/55901077291,https://shopping-phinf.pstatic.net/main_5590107/55901077291.20250722122449.jpg,130000,,네이버,55901077291,1,레이밴,레이밴,패션잡화,선글라스/안경테,선글라스,
[N배송] 레이밴 대디오 유광/무광 RB2016 59mm 오벌형 <b>선글라스</b>,https://smartstore.naver.com/main/products/10731275188,https://shopping-phinf.pstatic.net/main_8827578/88275781110.5.jpg,149000,,트레저팩토리몰,88275781110,2,레이밴,룩소티카,패션잡화,선글라스/안경테,선글라스,
셀린느 오벌 트리오페 트리옹프 01 블랙 <b>선글라스</b> CL40194U,https://smartstore.naver.com/main/products/12022429402,https://shopping-phinf.pstatic.net/main_8956694/89566940094.1.jpg,390000,,어반부띠크,89566940094,2,셀린느,셀린느,패션잡화,선글라스/안경테,선글라스,
젠틀몬스터 <b>선글라스</b> 릴리트 01 BR 브라운 틴트<b>선글라스</b> 사각 <b>뿔테</b> 연예인 남자 여자 커플,https://smartstore.naver.com/main/products/6236461900,https://shopping-phinf.pstatic.net/main_8378096/83780964389.14.jpg,269000,,오마이선글라스 코리아,83780964389,2,젠틀몬스터,젠틀몬스터,패션잡화,선글라스/안경테,선글라스,
틴트 변색 안경 패션 <b>뿔테 선글라스</b> (실내외 겸용) 남자 여자 공용,https://smartstore.naver.com/main/products/5770914320,https://shopping-phinf.pstatic.net/main_8331541/83315413734.2.jpg,44900,,아이템 선글라스,83315413734,2,,,패션잡화,선글라스/안경테,선글라스,
빅사이즈 데일리 사각 자외선차단 여행 커플 <b>뿔테 선글라스</b> UV400 가벼운 골프,https://smartstore.naver.com/main/products/11951732157,https://shopping-phinf.pstatic.net/main_8949624/89496242845.jpg,19900,,2DITOR 투디터,89496242845,2,투디터,,패션잡화,선글라스/안경테,선글라스,
오클리 래치 <b>선글라스</b> OO93494153,https://search.shopping.naver.com/catalog/41496689499,https://shopping-phinf.pstatic.net/main_4149668/41496689499.20240606072850.jpg,70000,,네이버,41496689499,1,오클리,오클리,패션잡화,선글라스/안경테,선글라스,
레이벤 <b>선글라스</b> 대디오 발로라마 RB2016 4089 남자 여자 고프코어 스포츠 러닝 고글,https://smartstore.naver.com/main/products/617292483,https://shopping-phinf.pstatic.net/main_1193371/11933713487.5.jpg,191200,,핫선글라스,11933713487,2,레이밴,룩소티카,패션잡화,선글라스/안경테,선글라스,
레이밴 RB4441D,https://search.shopping.naver.com/catalog/50300562438,https://shopping-phinf.pstatic.net/main_5030056/50300562438.20250722154015.jpg,115510,,네이버,50300562438,1,레이밴,룩소티카,패션잡화,선글라스/안경테,선글라스,
레이밴 틴트렌즈 <b>선글라스</b> RB4260D 601,https://search.shopping.naver.com/catalog/55501204117,https://shopping-phinf.pstatic.net/main_5550120/55501204117.20250807095349.jpg,26400,,네이버,55501204117,1,레이밴,룩소티카,패션잡화,선글라스/안경테,선글라스,
톰포드 <b>선글라스</b> TF891K,https://search.shopping.naver.com/catalog/52015567935,https://shopping-phinf.pstatic.net/main_5201556/52015567935.20251123013033.jpg,77600,,네이버,52015567935,1,톰포드,마르코,패션잡화,선글라스/안경테,선글라스,
오클리 라테랄리스 라터리스 9431 런닝 블랙 <b>뿔테선글라스</b>,https://smartstore.naver.com/main/products/11892470071,https://shopping-phinf.pstatic.net/main_8943698/89436980680.1.jpg,208800,,하우스브랜드,89436980680,2,오클리,오클리,패션잡화,선글라스/안경테,선글라스,
빅 사이즈 <b>선글라스</b> 오버 여자 남자 왕큰 스퀘어 <b>뿔테</b> 명품 골프 자외선차단 커플 패션,https://smartstore.naver.com/main/products/6547161997,https://shopping-phinf.pstatic.net/main_8409166/84091662330.jpg,17900,,2DITOR 투디터,84091662330,2,투디터,,패션잡화,선글라스/안경테,선글라스,
레이벤 <b>선글라스</b> RB2016 601/31 대디오 DADDY-O RB4089 발로라마 BALORAMA [꼼꼼한 검수/AS 철저],https://smartstore.naver.com/main/products/6440674913,https://shopping-phinf.pstatic.net/main_8398517/83985175246.jpg,139000,,유니크 아이즈,83985175246,2,레이밴,룩소티카,패션잡화,선글라스/안경테,선글라스,
레이벤 고글 <b>선글라스</b> RB2016 대디오 RB4089 발로라마 RB4335 랩어라운드,https://smartstore.naver.com/main/products/10409465810,https://shopping-phinf.pstatic.net/main_8795397/87953970771.4.jpg,150480,,아이템 선글라스,87953970771,2,레이밴,룩소티카,패션잡화,선글라스/안경테,선글라스,
레이밴 <b>뿔테</b> 오버핏 플랫바 <b>선글라스</b> RB4392D-601 87,https://search.shopping.naver.com/catalog/51301748929,https://shopping-phinf.pstatic.net/main_5130174/51301748929.20250327001756.jpg,138280,,네이버,51301748929,1,레이밴,,패션잡화,선글라스/안경테,선글라스,
레이밴 발로라마 사각 <b>선글라스</b> RB4089,https://search.shopping.naver.com/catalog/56745235206,https://shopping-phinf.pstatic.net/main_5674523/56745235206.20260102103656.jpg,16500,,네이버,56745235206,1,레이밴,룩소티카,패션잡화,선글라스/안경테,선글라스,
구찌 생로랑 셀린느 외 명품 <b>선글라스</b> 50종 <b>뿔테</b> 메탈 라운드 스퀘어 남성 여성 <b>선글라스</b>,https://smartstore.naver.com/main/products/5123815574,https://shopping-phinf.pstatic.net/main_8266833/82668336063.3.jpg,99000,,리노아이엔티,82668336063,2,구찌,,패션잡화,선글라스/안경테,선글라스,
오클리 래치 아시안핏 9349 9358 LATCH 라운드 스퀘어 <b>선글라스</b>,https://smartstore.naver.com/main/products/9833341522,https://shopping-phinf.pstatic.net/main_8737784/87377843795.2.jpg,175000,,매직썬,87377843795,2,오클리,룩소티카,패션잡화,선글라스/안경테,선글라스,
26년형 오클리 아이자켓 블랙 실버 OO9438 리덕스 극한84 권화운 러닝 <b>선글라스</b>,https://smartstore.naver.com/main/products/9889963020,https://shopping-phinf.pstatic.net/main_8743446/87434465293.6.jpg,175000,,매직썬,87434465293,2,오클리,룩소티카,패션잡화,선글라스/안경테,선글라스,
레이밴 베이직 플랫 <b>선글라스</b> RB4461,https://search.shopping.naver.com/catalog/52821285079,https://shopping-phinf.pstatic.net/main_5282128/52821285079.20250623045612.jpg,142320,,네이버,52821285079,1,레이밴,룩소티카,패션잡화,선글라스/안경테,선글라스,
레이밴 에비에이터 RB3025,https://search.shopping.naver.com/catalog/58342048919,https://shopping-phinf.pstatic.net/main_5834204/58342048919.20251231152326.jpg,21570,,네이버,58342048919,1,레이밴,레이밴,패션잡화,선글라스/안경테,선글라스,
톰포드 아시안핏 <b>뿔테 선글라스</b> 1132 K,https://search.shopping.naver.com/catalog/53629491766,https://shopping-phinf.pstatic.net/main_5362949/53629491766.20250722164422.jpg,320440,,네이버,53629491766,1,톰포드,마르코,패션잡화,선글라스/안경테,선글라스,
발렌시아가 다이내스티 사각 <b>선글라스</b> BB0096S 001 블랙,https://smartstore.naver.com/main/products/11928209967,https://shopping-phinf.pstatic.net/main_8947272/89472720655.jpg,392000,,어도어럭스,89472720655,2,발렌시아가,발렌시아가,패션잡화,선글라스/안경테,선글라스,
프라다<b>선글라스</b> 14 WSF 여자<b>선글라스</b> 아시안핏 캣츠아이 <b>뿔테</b>,https://smartstore.naver.com/main/products/8358501077,https://shopping-phinf.pstatic.net/main_8590300/85903001400.jpg,376960,,아이템 선글라스,85903001400,2,프라다,룩소티카,패션잡화,선글라스/안경테,선글라스,
젠틀몬스터 <b>선글라스</b> 팔레트 01 <b>뿔테</b> 오버사이즈 플랫바 남자 여자 자외선차단,https://smartstore.naver.com/main/products/2621048929,https://shopping-phinf.pstatic.net/main_8011879/80118792505.11.jpg,280000,,오마이선글라스 코리아,80118792505,2,젠틀몬스터,젠틀몬스터,패션잡화,선글라스/안경테,선글라스,
레이밴 자야 <b>선글라스</b> RB4456F,https://search.shopping.naver.com/catalog/58192182344,https://shopping-phinf.pstatic.net/main_5819218/58192182344.20251218212712.jpg,147920,,네이버,58192182344,1,레이밴,룩소티카,패션잡화,선글라스/안경테,선글라스,
오클리 OO9245A7,https://search.shopping.naver.com/catalog/50724921831,https://shopping-phinf.pstatic.net/main_5072492/50724921831.20241009062128.jpg,115000,,네이버,50724921831,1,오클리,오클리,패션잡화,선글라스/안경테,선글라스,
오클리 홀브룩 XL <b>선글라스</b> OO941716,https://search.shopping.naver.com/catalog/54972181982,https://shopping-phinf.pstatic.net/main_5497218/54972181982.20251111043345.jpg,80000,,네이버,54972181982,1,오클리,오클리,패션잡화,선글라스/안경테,선글라스,
남자 여자 자외선차단 라운드 사각 투명 <b>뿔테</b> 틴트 <b>선글라스</b> BB557 색안경,https://smartstore.naver.com/main/products/6822783245,https://shopping-phinf.pstatic.net/main_8436728/84367283567.jpg,17900,,2DITOR 투디터,84367283567,2,투디터,,패션잡화,선글라스/안경테,선글라스,
퍼블릭비컨 선글라스 윌로우 삐삐 루비 가벼운 아시안핏 남자 여자 데일리 사각 <b>뿔테선글라스</b>,https://smartstore.naver.com/main/products/691287719,https://shopping-phinf.pstatic.net/main_1122848/11228488512.24.jpg,195000,,핫선글라스,11228488512,2,퍼블릭비컨,,패션잡화,선글라스/안경테,선글라스,
[N도착보장/슈퍼적립]레이밴 RB4457D 캣아이 <b>뿔테</b> 패션 여자 긱시크 <b>선글라스</b> 모음 루이스 해밀턴<b>선글라스</b>,https://smartstore.naver.com/main/products/11520208968,https://shopping-phinf.pstatic.net/main_8906471/89064719361.5.jpg,172800,,토탈선글라스,89064719361,2,레이밴,룩소티카,패션잡화,선글라스/안경테,선글라스,
레이밴 <b>선글라스</b> 52 웨이페어러 사각 <b>뿔테</b> 클래식 아시안핏 RB2140F 901,https://search.shopping.naver.com/catalog/56630710768,https://shopping-phinf.pstatic.net/main_5663071/56630710768.20260113141620.jpg,150320,,네이버,56630710768,1,레이밴,룩소티카,패션잡화,선글라스/안경테,선글라스,
산드로 <b>뿔테</b> 사각 <b>선글라스</b> SD6087-1,https://search.shopping.naver.com/catalog/53075881296,https://shopping-phinf.pstatic.net/main_5307588/53075881296.20260102153929.jpg,232350,,네이버,53075881296,1,산드로,,패션잡화,선글라스/안경테,선글라스,
레이벤 <b>선글라스</b> RB4258F RB4259F 남자 여자 가벼운 자외선차단 아시안핏 <b>뿔테</b>,https://smartstore.naver.com/main/products/437431765,https://shopping-phinf.pstatic.net/main_1254320/12543200632.18.jpg,191200,,핫선글라스,12543200632,2,레이밴,레이밴,패션잡화,선글라스/안경테,선글라스,
스파이더몬스터 가벼운 편광 낚시 <b>선글라스</b> 자외선차단 국산 샤크프라임2.0,https://smartstore.naver.com/main/products/12809270264,https://shopping-phinf.pstatic.net/main_9035378/90353781213.jpg,69000,,스파이더몬스터,90353781213,2,스파이더몬스터,,패션잡화,선글라스/안경테,선글라스,
구찌 <b>선글라스</b> GG0746S-001 명품 남자 여자 기본 블랙 사각 <b>뿔테</b>,https://smartstore.naver.com/main/products/5471426417,https://shopping-phinf.pstatic.net/main_8301592/83015920983.1.jpg,242000,,스타안경,83015920983,2,구찌,구찌,패션잡화,선글라스/안경테,선글라스,
UV400nm 자외선차단 <b>선글라스</b> 캣아이 커트코베인 틴트 타원형 <b>뿔테</b> 힙한,https://smartstore.naver.com/main/products/6533217152,https://shopping-phinf.pstatic.net/main_8407771/84077717485.1.jpg,15900,,2DITOR 투디터,84077717485,2,투디터,,패션잡화,선글라스/안경테,선글라스,
샤넬 트리플 펄 스퀘어 <b>선글라스</b> CH5482H A71494 블랙 편광 <b>뿔테</b> 캣아이 데일리,https://smartstore.naver.com/main/products/10069744296,https://shopping-phinf.pstatic.net/main_8761424/87614246929.jpg,653000,,라파엘루,87614246929,2,CHANEL,CHANEL,패션잡화,선글라스/안경테,선글라스,
